Actor,Character,Script_Name
Jerry Seinfeld,Jerry Seinfeld,JERRY
Julia Louis-Dreyfus,Elaine Benes,ELAINE
Jason Alexander,George Costanza,GEORGE
Michael Richards,Cosmo Kramer,KRAMER
Ruth Cohen,Ruthie Cohen,COHEN
Wayne Knight,Newman,NEWMAN
Norman Brenner,Man on Sidewalk,MAN
Heidi Swedberg,Susan Ross,SUSAN
Estelle Harris,Estelle Costanza,STAN
Jerry Stiller,Frank Costanza,STAN
Liz Sheridan,Helen Seinfeld,HELEN
John O'Hurley,J. Peterman,PETERMAN
Barney Martin,Morty Seinfeld,MORTY
Len Lesser,Uncle Leo,LEO
Deck McKenzie,Angry Man,MAN
Richard Herd,Wilhelm,WILHELM
Peggy Lane,Office Worker,OFF
Richard Fancy,Lippman,LIPPMAN
Patrick Warburton,David Puddy,DAVID
Lauren Bowles,Waitress,WAITRESS
Ian Abercrombie,Justin Pitt,PITT
David Blackwood,Beck,BECK
Danny Woodburn,Mickey Abbott,MICKEY
Joe Urla,Dugan,DUGAN
Steve Hytner,Kenny Bania,BANIA
Lawrence A. Mandley,Manager,MANAGER
Bob Balaban,Russell Dalrymple,RUSSELL
Bryan Cranston,Tim Whatley,TIM
Peter Crombie,'Crazy' Joe Davola,DAVOLA
Warren Frost,Henry Ross,ROSS
Phil Morris,Jackie Chiles,JACK
Peter Blood,Jay Crespi,JAY
Kevin Page,Stu Chermack,MAC
Grace Zabriskie,Mrs. Ross,MRS.
David Richardson,Customer,CUSTOMER
Daniel von Bargen,Kruger,KRUGER
Marty Rackham,Jake Jarmel,ARM
Brenda Strong,Sue Ellen Mischke,ELLEN
Lisa Mende,Carol,CAROL
Tom Wright,Morgan,MORGAN
Sandy Baron,Jack Klompus,JACK
Stephen McHattie,Dr. Reston,RESTON
Wayne Wilderson,Walter,WALTER
Lisa Pescia,Joanne,JOANNE
Annie Korzen,Doris,DORIS
Julie Claire,Receptionist,RECEPTIONIST
Victor Raider-Wexler,Dr. Wexler,WE
Reni Santoni,Poppie,POPPIE
Ping Wu,Ping,PING
Jane Leeves,Marla Penny,MARLA
Steve Skrovan,Tommy,O
Judy Kerr,Woman,WOMAN
David Mandel,Farmer,FARMER
Bruce Davison,Wyck Thayer,WYCK
Siobhan Fallon Hogan,Tina,TINA
Gina Hecht,Dana Foley,DAN
Billye Ree Wallace,Nana,NANA
Mary Jo Keenen,Deena Lazzari,DEENA
John Paragon,Cedric,CEDRIC
Yul Vazquez,Bob,BOB
Veralyn Jones,Renee,RENE
Brian George,Babu Bhatt,BABU
Hiram Kasten,Michael,MICHAEL
Melanie Smith,Rachel Goldstein,OLD
David Dunard,Guard,GUARD
Frances Bay,Mabel Choate,MABEL
Tucker Smallwood,Malcolm,MALCOLM
Nancy Balbirer,Alice,I
Bob Shaw,Cabbie,CABBIE
Bruce Mahler,Rabbi Glickman,MAN
Jennifer Campbell,Tia Van Camp,TIA
Kari Coleman,Allison,ALLISON
Thomas Dekker,Bobby,BOBBY
Brian Doyle-Murray,Mel Sanger,MEL
Teri Hatcher,Sidra Holland,SID
Jeffrey Kurt Miller,Event Guard,GUARD
Jon Hayman,Donald Sanger,SANGER
Carol Leifer,Barbara - Bank Employee,BARBARA
Steve Koren,Cab Driver,DRIVER
Lynn Clark,Vanessa,VANESSA
Peter Murnik,Lt. Martel,MARTEL
Lisa Edelstein,Karen,KAREN
Janeane Garofalo,Jeannie Steinman,MAN
Anita Wise,Waitress,WAITRESS
Christine Dunford,Leslie,LESLIE
Tracy Kolis,Kelly,KELLY
Suzanne Snyder,Audrey,AUDREY
Jay Brooks,Sid,SID
Lee Arenberg,Mike Moffitt,MIKE
Anne Twomey,Rita Kirson,RITA
Elmarie Wendel,Helene,HELEN
Tim DeKay,Kevin,KEVIN
Teri Austin,Ava,AVA
Gail Strickland,Jocelyn Landis,LANDIS
Vicki Lewis,Ada,ADA
Kelly Coffield Park,Noreen,NOREEN
Mario Joyner,Lamar,LAMAR
Gordon Jump,Thomassoulo,THOMASSOULO
Robert Hooks,Joe Temple,JOE
Matt McCoy,Lloyd Braun,LLOYD
Debra Jo Rupp,Katie,KATIE
Mark Metcalf,Bob Cobb,C
Kathy Griffin,Sally Weaver,ALL
Debra Messing,Beth Lukner,BETH
Kristin Davis,Jenna,JENNA
Maryedith Burrell,Maryedith,MARYEDITH
Ricky Dean Logan,Hippie #1,HIPPIE#1
Susan Walters,Dolores,DOLORES
Megan Cole,Peggy,PEGGY
Maud Winchester,Hippie #2,HIPPIE#2
Jessica Lundy,Hostess,HOSTESS
Vaughn Armstrong,Lt. Coleman,MAN
Rick Hall,Vet,VET
Lloyd Bridges,Izzy Mandelbaum,MAN
George C. Simms,FBI Man,MAN
Kate Benton,Roberta,ROBERTA
Jessica Hecht,Lindsay,LINDSAY
Danny Tartabull,Danny Tartabull,DAN
Jon Gries,Homeless Man,MAN
Ann Morgan Guilbert,Evelyn,EVELYN
Michael Mitz,Phone Guy,GUY
Denise Dowse,Mother,MOTHER
Patrick Cronin,Sid Farkus,SID
Sam Lloyd,Ricky,RICKY
Chaim Jeraffi,Jiffy Dump Guy,GUY
Rance Howard,Blind Man,MAN
Fred Pinkard,Newsstand Boy,NEWSSTAND
O'Neal Compton,Earl,EARL
Henry Woronicz,Father Curtis,THE
Frank Piazza,Cop,COP
Kate Mulligan,Party Guest,PARTY
Mik Scriba,Bomb Squad Guy,GUY
C.K. Steefel,Kramer's Girlfriend,KRAMER
Christa Miller,Ellen,ELLEN
Melanie Chartoff,Robin,ROBIN
Benjamin Lum,Mailman,MAILMAN
Heather James,The Waitress,WAITRESS
Keith Morrison,Newscaster,NEWSCASTER
Kathryn Kates,Counter Woman,WOMAN
Mary Scheer,Joan,JOAN
Sandy Ward,Pop,POP
Monica Allison,Gail,GAIL
Todd Bosley,Joey,JOEY
Diana Castle,Mrs. Zanfino,MRS.
Gene Dynarski,Izzy Mandelbaum Jr.,MAN
John Christian Graas,Matthew,MATTHEW
David Byrd,Pharmacist,PHARMACIST
Thom Barry,Manager,MANAGER
Clive Rosengren,Mr. Clotworthy,CLOTWORTHY
Sonya Eddy,Rebecca DeMornay,REBECCA
Tony Carlin,Co-worker,CO-WORKER
Stan Sellers,Cop #2,COP#2
Mark Christopher Lawrence,Boss,BOSS'
Michael McDonald,Jesse,JESSIE
Ellis Williams,Exterminator,TOR
Anthony Mangano,Fireman,FIREMAN
Bruce Jarchow,Doctor,DOCTOR
Diana Theodore,Remy Temple,REMY
Jane A. Johnston,Todd's Mother,MOTHER
Heather Morgan,Server,S
Lawrence LeJohn,Crowd Member,CROWD
Jill Talley,Gail,GAIL
Montrose Hagins,Old Woman,WOMAN
Sue Goodman,Clerk,CLERK
Reuven Bar-Yotam,Foreign Guy,GUY
Bonnie McNeil,Alison,ALISON
Jill Holden,Lisa,LISA
Edgar Small,Sid Luckman,MAN
Mark Daniel Cade,Other Walter,OTHER-WALTER
Philip Baker Hall,Lt. Joe Bookman,MAN
Ron Ross,Homeless Man,MAN
Susan Segal,Waitress,WAITRESS
Jeff Barton,Paramedic,PARAMEDIC
Jason Beck,Bouncer,BOUNCER
Pat Hazell,Man in Other Bed,MAN
Donna Evans,Lola,O
Marvin Braverman,Cop,COP
Carlos Jacott,Pool Guy,GUY
Robert Katims,Arnold Deensfrei,OLD
Wendel Meldrum,Leslie,LESLIE
Sheree North,Babs Kramer,KRAMER
Miguel Sandoval,Marcelino,MARCELINO
Larry Thomas,Yev Kassem,EVA
Ann Talman,Robin,ROBIN
Bill Erwin,Sidney Fields,SID
Maggie Han,Cheryl,CHERYL
Michael McShane,Franklin Delano Romanowski,FRANK
Patrika Darbo,Glenda,GLENDA
Carol Mansell,Mrs. Sanger,SANGER
Rick Overton,The Drake,THE
Nicholas Hormann,Calvin Klein,CALVIN
Tony Amendola,Rushdie,I
Lanei Chapman,Housekeeper,HOUSEKEEPER
Fred Stoller,First Man in Hockey Audience,AUDIENCE
Elizabeth Dennehy,Allison,ALLISON
Brian J. Williams,Glenn,GLENN
Regis Philbin,Miss America Pageant Announcer,ANNOUNCER
Coby Turner,Judy,JUDY
Bill Macy,Chair of Morty's condo impeachment vote,MORTY
Bill Masters,Driver,DRIVER
Marc Hirschfeld,Ellis,I
Ed O'Ross,Cop #2,COP#2
Tory Christopher,Comedy Club Waiter,WAITER
Lee Garlington,Claire,CLAIRE
Pamela Brull,Laura,LAURA
Kevin Dunn,Joel Horneck,JOEL
James Hong,Bruce,BRUCE
Michael Chiklis,Steve Pocatello,STEVE
Valerie Mahaffey,Patrice,PATRICE
Stephen Tobolowsky,Tor Eckman,MAN
Susan Diol,Audrey,AUDREY
Tony Plana,Manny,MANNY
Lawrence Tierney,Alton Benes,ALTON
David Naughton,Dick,DICK
Joseph Maher,Gavin Pollone,GAVIN
David Labiosa,Antonio,ANTONIO
Fred Applegate,Rick Levitan,LEVITAN
Michael D. Conway,Ray,RAY
John Apicella,Repairman,REPAIRMAN
Ralph Bruneau,Roy,ROY
Tory Polone,Carol,CAROL
Peter Krause,Tim,TIM
Melinda McGraw,Angela,ANGELA
Maggie Wheeler,Cynthia,CYNTHIA
Gina Gallego,Gina,GINA
Ernie Sabella,Naked Man,MAN
Elizabeth Morehead,Noel,NOEL
Charles Levin,Mohel,MOHEL
Timothy Stack,Dwayne,DWAYNE
Barry Diamond,Pat Buckles,BUCKLES
Courteney Cox,Meryl,MERYL
Jami Gertz,Jane,JANE
Jon Voight,Jon Voight,VOIGHT
Todd Kimsey,Ned Isakoff,ED
Bette Midler,Bette Midler,BETTE
Anthony Starke,Jimmy,JIMMY
Robert Mailhouse,Robert,ROBERT
Marisa Tomei,Marisa Tomei,TOM
Cary Elwes,David Lukner,DAVID
Rob Schneider,Bob,BOB
James Patrick Stuart,Brett,BRETT
James Spader,Jason Hanky,SON
Raquel Welch,Raquel Welch,WE
Jill St. John,Mrs. Abbott,MRS.
Marcia Cross,Dr. Sara Sitarides,SARA
Mark Harelik,Milos,MILOS
Stephen Lee,Conrad,CONRAD
Illeana Douglas,Loretta,LORETTA
Philip Bruns,Morty Seinfeld,MORTY
Ted Davis,Dry Cleaner,DRY
James F. Dean,Larry,LARRY
Glenn Shadix,Harold,HAROLD
Cynthia Ettinger,Michele,I
Ashley Gardner,Marion,MARION
John Posey,Dr. Fein,I
Roy Brocksmith,Landlord,LANDLORD
Gretchen German,Donna,DONNA
John Capodice,Vic,VIC
Terri Hanauer,Julianna,JULIANNA
Nurit Koppel,Rava,RAVA
Janet Zarish,Rental Car Agent,CAR
Vic Polizos,Tabachnik,TABACHNICK
Doug Ballard,Eddie,EDDIE
Frantz Turner,Salesman,SALESMAN
Dawn Arnemann,Monica,MONICA
David Tress,Mr. Cohen,COHEN
Karen Barcus,Receptionist,RECEPTIONIST
Marvin Wright-Bey,Attendant #1,ATTENDANT#1
Catherine Keener,Nina West,NINA
Barbara Stock,Scam Woman,WOMAN
Rae Allen,Mrs. Sokol,SOKOL
Mimi Lieber,Rula,RULA
Scott Burkholder,Prisoner,PRISONER
Nina Tremblay,Jerry's Girlfriend,JERRY
Fred Sanders,John,JOHN
Jennifer Coolidge,Jodi,JODI
Anna Gunn,Amy,AMY
Debra Mooney,Mrs. Sweedler,ED
Megan Mullally,Betsy,BETSY
Michael Des Barres,Restaurateur,RESTAURATEUR
John Randolph,Frank Costanza,STAN
Sherman Howard,Roy,ROY
Christopher Darga,Driver,DRIVER
Antony Ponzini,Enzo,ENZO
Perry Anzilotti,Usher,USHER
Leonard Termo,Joe,JOE
Michelle Forbes,Julie,JULIE
Carol Kane,Corinne,CORINNE
Veanne Cox,Toby,TOBY
David James Elliott,Carl,CARL
Lois Nettleton,Mrs. Enright,MRS.
Dan Cortese,Tony,TONY
Mark Tymchyshyn,Phil Totola,PHIL
Frank Novak,Clerk,CLERK
Katherine LaNasa,Cathy Tierny,TIERNEY
Katy Selverstone,Siena,SIENA
Jeremiah Birkett,Jean-Paul,JEAN-PAUL
Jennifer Guthrie,Lena,LENA
Kristin Bauer van Straten,Gillian,GILLIAN
Patrick Bristow,Wig Master,LASER
John D'Aquino,Todd Gack,TODD
Neil Giuntoli,Brody,BRODY
Robert Wagner,Dr. Abbott,ABBOTT
Ben Stein,Shellbach,SHELLBACH
Vince Grant,Hal Kitzmiller,AL
Angela Featherstone,Cindy,CINDY
Julia Campbell,Lisi,LISI
Dayton Callie,Cabbie,CABBIE
Alex Kapp,Maura,MAURA
Daniel Hagen,Rick,RICK
Kimberley Kates,Diane,DIANE
Jill C. Klein,Waitress,WAITRESS
Tawny Kitaen,Isabel,ISABEL
John Fleck,Attendant,ATTENDANT
Judy Kain,Lorraine,LORRAINE
Jeff Lester,Raymond,RAYMOND
Suanne Spoke,Customer,CUSTOMER
Bridget Sienna,Evie,I
Edward Penn,Owen March,WE
Harris Shore,Mr. Lippman,MAN
Jeanine Jackson,Roxanne,ROXANNE
John Del Regno,Manager,MANAGER
James Lashly,Assistant,ASSISTANT
Rozsika Halmos,Manya,MANYA
Bobbi Jo Lathan,Patti,PATTI
Gregory T. Daniel,Man in Corvette,MAN
Kelly Wellman,Attendant #2,ATTENDANT#2
Eric Allan Kramer,Biker,BIKER
Jim J. Bullock,Attendant #1,ATTENDANT#1
Rhoda Gemignani,Woman With Elaine,ELAINE
Jeremy Roberts,Chaffeur,CHAUFFEUR
Debi A. Monahan,Chelsea,CHELSEA
Richard Venture,Leonard West,LEO
Ilana Levine,Joyce,JOYCE
Joseph Malone,Michael,MICHAEL
Bill Applebaum,D'Giff,I
Ross Evans,Mr. Reichman,MAN
Tobin Bell,Ron,RON
Anita Barone,Gail Cunningham,GAIL
Nick Bakay,Carl,CARL
Richard Portnow,Ray,RAY
Linda Kash,Gwen,GWEN
Tom Towles,Tough Guy,GUY
Kay E. Kuter,Older Priest,OLD
Anthony Cistaro,Joel Rifkin,JOEL
David Ciminello,Gino,GINO
Carol Rosenthal,Ticket Clerk #1,TICKET
Tom Alan Robbins,Stan,STAN
Tom La Grua,Kernis,KERNIS
Melora Walters,Jane,JANE
Jerry Levine,Stationer,STATIONER
Renee Props,Lois,LOIS
Elina Löwensohn,Katya,KATYA
Mark Holton,David,DAVID
Marguerite MacIntyre,Karen,KAREN
Daniel Gerroll,Simon,SIMON
Elsa Raven,Mom,MOM
Dom Irrera,Ronnie Kaye,RON
Karla Tamburrelli,Daphne,DAPHNE
Joseph R. Sicari,Willie,WILLIE
Jessica Tuck,Bonnie,BONNIE
Scott Patterson,Billy,BILLY
Alexandra Wentworth,Sheila,SHEILA
Stacey Travis,Holly,HOLLY
Leon Russom,Clayton,CLAYTON
Eric Christmas,Haarwood,HAARWOOD
Mark DeCarlo,Alec Berg,AL
June Kyoto Lu,Ruby,RUBY
Kelly Perine,Usher,USHER
Wayne Tippit,Captain,CAPTAIN
Stephen Root,Mr. Lager,MR.
Gedde Watanabe,Mr. Oh,O
Rebecca McFarland,Anna,ANNA
Ken Hudson Campbell,Ken,KEN
Harry Van Gorkum,Craig,CRAIG
Pat Kilbane,Bizarro Kramer,KRAMER
Mark Roberts,Seth,SETH
Richard Roat,Dr. Berg,DRY
Peter Allas,Mario,MARIO
Lauren Graham,Valerie,VALERIE
John Michael Higgins,Kurt,KURT
Lori Loughlin,Patty,PATTY
Molly Shannon,Sam,SAM
Larry B. Scott,Arthur Milano,MAILMAN
Jack McGee,Ralph,RALPH
Shannon Kenny,Allison,ALLISON
Sarah Peterson,Claire,CLAIRE
Joel Polis,Reilly,REILLY
Peter Stormare,Slippery Pete,PETE
Jon Polito,Silvio,SILVIO
Louis Mustillo,Phil,PHIL
James Karen,Mr. Canterman,MAN
Joel McCrary,Don,DONNA
Anthony Crivello,Maxwell,MAXWELL
Bradford English,Cop,COP
Kimberley LaMarque,Teller,TELLER
Margaret Reed,Mary,MARY
Joseph V. Perry,Newsstand Owner,STAN
Cynthia Szigeti,Sherry Becker,SHERRY
Leslie Neale,Rita,RITA
Flo Di Re,Receptionist,RECEPTIONIST
Harry Hart-Browne,Manager,MANAGER
Jimmy Woodard,Driver,DRIVER
Carlyle King,The Mother,MOTHER
Gwendolyn Shepherd,Cashier,CASHIER
Rachel Davies,Saleswoman,SALESWOMAN
Mark Boone Junior,OTB Patron,RON
Carol Ann Susi,Carrie,CARRIE
Peter Parros,Officer #2,OFFICER
Elliott Reid,Mr. Armstrong,ARM
Allan Wasserman,Grossbard,GROSSBARD
Rachel Sweet,Shelly,SHELLY
Lisa Malkiewicz,Sandra,SANDRA
Allen Bloomfield,Polar Bear,EARL
Jodi Baskerville,Jodi Baskerville,JODI
C.E. Grimes,Martin,MARTIN
Harriett S. Miller,Mrs. Reichman,MAN
Paula Marshall,Sharon,SHARON
Molly Hagan,Sister Roberta,ROBERTA
John Kapelos,Barry,BARRY
Kimberly Guerrero,Winona,WINONA
Michael Ornstein,Waiter,WAITER
David Brisbin,Client,I
Michael Fairman,Mr. Pensky,MR.
John Bishop,Ticket Man,MAN
Robert Donley,Ben Cantwell,BEN
Jerry Sroka,Todd,TODD
Jeannie Elias,Myra,MYRA
Eric Poppick,Maurice,I
Donald Bishop,Dr. Allenwood,ALLENWOOD
John Hamelin,Babu's Brother,BABU'S BROTHER
Jon Favreau,Eric the Clown,THE
Richard Burgi,Ben,BEN
Don McManus,Duncan Meyer,DUNCAN
Debbie Lee Carrington,Tammy,TAMMY
Marita Geraghty,Margaret,MARGARET
George Murdock,Testikov,TESTIKOV
Lane Davies,MacKenzie,MACKENZIE
Angela Dohrmann,Donna Chang,DONNA
Scott LaRose,Greg,GREG
Linda Wallem,Hildy,I
Mike Robelo,Pop,POP
Arminae Azarian,Saleswoman,SALESWOMAN
Suzy Soro,Barbara,BARBARA
Wendie Malick,Wendy,WENDY
Larry Miller,Doorman,DOORMAN
Barbara Alyn Woods,Debby,DEBBY
Amy Hill,Kim,KIM
Charlotte Lewis,Nina,NINA
Brian McNamara,James,JAMES
Edward Winter,Mr. Stevenson,STEVE
Lewis Arquette,Leapin' Larry,LARRY
Ernie Lively,Zeke,ZEKE
Marla Sucharetza,Nancy Klopper,
Raye Birk,Mr. Pless,MR.
Cleto Augusto,Scott,SCOTT
Gary Yates,Security Guard,SECURITY
John Rubano,Man,MAN
Billy Williams,Usher,USHER
Bob Odenkirk,Ben,BEN
Gina Mastrogiacomo,Prostitute,PROSTITUTE
Kymberly Kalil,Heather,HEATHER
Dylan Tays,Nicki,I
Sab Shimono,Executive #1,EXECUTIVE
Kyle T. Heffner,Bizarro George,GEORGE
Tom Gallop,Alan,ALAN
Shannon Holt,Carrie,CARRIE
Fort Atkinson,Dr. Stern,STEIN
Ivana Milicevic,Patty,PATTY
Amanda Peet,Lanette,LANETTE
Rena Sofer,Mary Anne,MARY
Kellie Waymire,Vivian,VIVIAN
Jarrad Paul,Darin,I
Justine Miceli,Nina,NINA
Louan Gideon,Mrs. Hamilton,MRS.
Brent Hinkley,Lou,LOU
George Cheung,Owner,OWNER
David Moreland,Mr. Parry,MR.
Angelo Tiffe,Delivery Man,MAN
Tracy Nelson,Janet,JANET
Cindy Ambuehl,Sophie,SOPHIE
Markus Flanagan,Charles,CHARLES
Pat Finn,Joe Mayo,JOE
Nicholas Walker,Glenn,GLENN
Michael Kagan,Willie,WILLIE
Helen Carey,Mrs. Nyhart,MRS.
William Fair,Roger,ROGER
Theresa Randle,Janice,JANICE
Adam Wylie,The Kid,KID
Biff Yeager,Mr. Heyman,MAN
David Fresco,Isaac,ISAAC
Liz Georges,Pam,PAM
Dwayne Kennedy,Frank,FRANK
Marcus Smythe,Dan,DAN
Andrea Parker,Nurse,NURSE
O-Lan Jones,Waitress,WAITRESS
Sharon Barr,Trucker,C
Shannon Cochran,Sheila,SHEILA
Christopher Collins,Thug,THUG
Miguel Pérez,Luis,I
Bill Saluga,Usher,USHER
Chris Barnes,Richie,RICHIE
I.M. Hobson,Businessman,BUSINESSMAN
Justine Johnston,Mrs. Armstrong,ARM
Howard Schechter,Doctor,DOCTOR
Lenny Rose,Passenger #1,PASSENGER#1
Denise Richards,Molly Dalrymple,MOLLY
Marlee Matlin,Laura,LAURA
Jeremy Piven,Michael Barth (George),GEORGE
Taylor Negron,Hairdresser,HAIRDRESSER
Tom Verica,Doctor,DOCTOR
Nancy Lenehan,Volunteer,COUNTER
Peter Keleghan,Lloyd Braun,LLOYD
Gerry Bednob,Babu's Friend,BABU'S FRIEND
Bryant Gumbel,Bryant Gumbel,BRYANT
Jack Shearer,Mr. Tuttle,MR.
Cathy Lind Hayes,Woman Behind Elaine,ELAINE
John Gegenhuber,Resident,RESIDENT
Patton Oswalt,Clerk,CLERK
W. Earl Brown,Al,AL
Mark L. Taylor,Michael,MICHAEL
Rosalind Allen,Diane,DIANE
Mitzi McCall,Donna,DONNA
William Utay,Dr. Korval,AL
Maurice Godin,Misha,MISHA
Brian Reddy,Dan,DAN
Mark Beltzman,Bob,BOB
Buck Showalter,Buck Showalter,AL
Barry Nolan,Reporter,REPORTER
Alec Mapa,Paul,PAUL
Mel Tormé,Mel Tormé,TOR
Charles Cyphers,Gardner,GARDNER
Georgann Johnson,Mrs. Stevenson,STEVE
Wayne Grace,Ukrainian,UKRAINIAN
Jann Karam,Sandi,SANDI
Lou Cutell,Dr. Howard Cooperman,MAN
Ian Patrick Williams,Stubs,STU
Pierrino Mascarino,Father Hernandez,
Evie Peck,Woman,WOMAN
Ivory Ocean,Officer Morgan,OFFICER
Paul Michael,Ciccio,I
Brad Garrett,Tony Abado,TONY
Kim Myers,Pam,PAM
Walter Olkewicz,Nick,NICK
Meagen Fay,Mrs. Burns,MRS.
Michael D. Roberts,Ipswich,IPSWITCH
Greg Collins,Policeman,POLICEMAN
Allan Havey,Policeman,POLICEMAN
Justina Vail,Amanda,AMANDA
Pat Cooper,Pat Cooper,PAT
Lisa Deanne Young,Christie,CHRISTIE
Ray Stricklyn,Clarence,C
John Bowman,Teddy Padilac,ED
John Riggi,Teller,TELLER
Kim Chase,Charmaine,CHARMAINE
David Purdham,Dr. Resnick,NICK
Tim O'Hare,Vendor,O
Christine Taylor,Ellen,ELLEN
Andrea Bendewald,Celia,CELIA
Melinda Clarke,Alex,ALEX
Danny Strong,Vincent,VINCENT
Ross Malinger,Adam Lippman,MAN
Chelsea Noble,Danielle,DANIELLE
Kathleen McClellan,Melissa,MELISSA
Victoria Mahoney,Gladys,GLADYS
Ella Joyce,Dean Jones,DEAN
Bart Braverman,Zubin,ZUBIN
Laurie Taylor-Williams,Rhisa,RHISA
JoNell Kennedy,Secretary,SECRETARY
Julia Pennington,Celia,CELIA
Karen Fineman,Gwen,GWEN
Audrey Kissel,Tara,TARA
Seraiah Carol,Mrs. Allister,ALL
Samuel Bliss Cooper,Darryl Nelson,SON
Sam Whipple,Phone Guy #1,GUY
Jennette Robbins,Keri,KERI
Dee Freeman,Service Assistant,STAN
Sam Shamshak,Sal,SAL
Ron Steelman,Artie Levine,ARTIE
Patricia Ayame Thomson,Susie,SUSIE
Neal Lerner,The 'Shusher',USHER
John Hillner,Greeny,GREENY
Marla Frees,Stewardess,STEWARDESS
Joe Farago,Man with Woman,WOMAN
Marcia Firesten,Jenny,JENNY
Scott N. Stevens,Intern,I
Sharon McNight,The Nurse,NURSE
Kendall McCarthy,Man,MAN
Paul Antony Rogers,Man in Waiting Room,MAN
Clint Howard,Tobias Lehigh Nagy,HIGH
Leah Lail,Stacy,STACEY
Vanessa Marquez,Receptionist,RECEPTIONIST
Steve Eastin,Cop #1,COP#1
Shashawnee Hall,Usher,USHER
David Sage,Dr. Dembrow,DEMBROW
Steve Kehela,Intervenor,INTERVIEWER
Harley Venton,Dan,DAN
Aimee Aro,Faithy,I
Roger McDowell,Roger McDowell,ROGER
Barry Vigon,Horse Player #1,PLAYER
Karen Denise Williams,Attendant #2,ATTENDANT#2
Tom Celli,Man #1,MAN#1
Zachary Charles,Angry Man,MAN
Courtney Gains,Clerk,CLERK
Larry Hankin,Tom Pepper (Kramer),KRAMER
Victoria Dillard,Agency Rep,AGENCY
Kimberly Campbell,Tawni,TAWNI
Kieran Mulroney,Timmy,TIMMY
Deborah May,Elsa,S
Allan Kolman,Cab Driver,DRIVER
Tia Riebling,Woman,WOMAN
Michael Saad,Doctor,DOCTOR
Ken Myles,Mike,MIKE
Rebecca Staab,Kristin,KRISTIN
Paul Gleason,Cushman,CUSHMAN
Jesse D. Goins,Cop,COP
Claude Earl Jones,Mr. Bevilaqua,MR.
Joseph Ragno,Marty,MARTY
Sunday Theodore,Olive,OLIVE
Michael Rivkin,Fulton,FULTON
Lucy Lin,Hostess,HOSTESS
Dean Hallo,Gendason,S
Richard Marion,Guy,GUY
S. Marc Jordan,Man in Bakery,MAN
James R. Sweeney,Aronson,ARONSON
Michael Kaplan,Waiter,WAITER
Ellen Albertini Dow,Momma,O
Kim Zimmer,Lenore,O
Alison Armitage,Cheryl,CHERYL
Basil Hoffman,Salesman,SALESMAN
Terry Sweeney,Keith,KEITH
Joan Scheckel,Denise,DENISE
Yvette Cruise,Clerk,CLERK
Adelaide Miller,Gennice,GENNICE
James Noah,Ned,NED
Lionel Mark Smith,Florist,FLORIST
Joe Lala,Priest,PRIEST
Dom Magwili,Dustin,DUSTIN
Paul O'Neill,Paul O'Neill,PAUL
Janni Brenn,Woman #2,WOMAN#2
Samantha Smith,Hallie,HALLIE
Jack Plotnick,Crew Leader,ADE
Jeff Yagher,John Germaine,JOHN
Annabelle Gurwitch,Katy,KATY
Ned Bellamy,Eddie,EDDIE
Patrick Kerr,La Forge - Clerk,CLERK
Heather Campbell,Sheila,SHEILA
Diana Bellamy,Mrs. Ricardi,CAR
J. Patrick McCormack,Leland,LELAND
Rende Rae Norman,Ms. Baines,MS.
Charles Emmett,Orderly,ORDERLY
Tamara Bick,Louise,LOUISE
Wesley Leong,Clerk,CLERK
Toby Huss,Jack,JACK
Suzanne Cryer,Marcy,MARCY
Kathryn Joosten,Betsy,BETSY
Shaun Toub,Pinter Ranawat,PINTER
Colton James,Jimmy,JIMMY
Arabella Field,Miranda,MIRANDA
Dave Florek,Harry,LARRY
Jed Rhein,Steven Koren,STEVE
Michael Laskin,Minkler,MINKLER
Everett Greenbaum,McMaines,I
Jack Hallett,Alan,ALAN
Jane Edith Wilson,Woman,WOMAN
Radmar Agana Jao,Delivery Guy,GUY
Richard Livingston,Bill,BILL
Paul Benedict,Mr. Elinoff,MR.
Jonathan Penner,Zach,ZACH
Rif Hutton,Salesman,SALESMAN
Ursaline Bryant,Dr. Wexler,WE
Fitz Houston,Cop,COP
Kyle Colerider-Krugh,Phone Guy #2,GUY
Joe George,Uncle Mac,MAC
Earl Boen,Eulogist,EULOGIST
Dale Raoul,Dental Patient,PAT
Michael Milhoan,Security Guard,SECURITY
Don Perry,Bill,BILL
Magda Harout,Stella,STELLA
Ron Evans,Bodybuilder,HILDE
Mel Ryane,Joanne,JOANNE
Marie Barrientos,Receptionist,RECEPTIONIST
Thomas Wagner,The Cook,THE
Timothy Omundson,Ricky Ross,ROSS
David Graf,Cop #2,COP#2
Jason Wingreen,Man #2,MAN#2
George Gerdes,Man #1,MAN#1
François Giroday,Male Executive,AL
Susan Ilene Johnson,Nurse,NURSE
Steve Greenstein,Man,MAN
Winston J. Rocha,Security Agent,SECURITY
Michael Costanza,Truck Driver,DRIVER
Joe Restivo,Horse Player #2,PLAYER
Stephen Prutting,Michael,MICHAEL
Adam Leslie,Man at Protest,MAN
Kathy Kinney,Bystander,BYSTANDER#1
Peggy Stewart,Aunt May,MAY
Ralph Manza,Gepetto,GEPETTO
Jana Marie Hupp,Sasha,SASHA
Ben Reed,Male Nurse,NURSE
Jerry Hauck,Tim,TIM
Dylan Haggerty,Young Man,MAN
Raf Mauro,Car Washer,CAR
Frank Noon,Patient,PATIENT
Molly Cleator,Cashier,CASHIER
Peggy Etra,Clarisse,I
Hugh A. Rose,Doctor,DOCTOR
Dedee Pfeiffer,Victoria,VICTORIA
Mike Hagerty,Rudy,RUDY
Joe Gieb,Johnny,JOHNNY
Patience Cleveland,Old Lady,OLD
Ken Thorley,Car Salesman,SALESMAN
Rebecca Glenn,Paula,PAULA 
Thomas Mills,Moviegoer,MOVIE
Langdon Bensing,Man on Street,MAN
Jack Tracy,Man,MAN
Dana Wheeler-Nicholson,Shelly,SHELLY
Tim Bagley,Manager,MANAGER
Alexandra Bokyun Chun,Lotus,LOTUS
Heather Medway,Laura,LAURA
Julio Oscar Mechoso,Julio,JULIO
Ileen Getz,Organizer,ORGANIZER
Lillian Lehman,Judge,JUDGE
Vito D'Ambrosio,Cop,COP
David St. James,Doctor,DOCTOR
John F. O'Donohue,Gus,S
Susan Isaacs,Woman,WOMAN
Jimmy Bridges,Paramedic,PARAMEDIC
Edith Fields,Mrs. Payton,MRS.
Mailon Rivera,Cop #1,COP#1
Jeff Coopwood,Security Guard,SECURITY
A.J. Langer,Abby,ABBY
Alex Trebek,Alex Trebek,AL
Ramón Franco,Mailman,MAILMAN
Lisa Arch,Connie,CONNIE
George Wallace,Doctor,DOCTOR
Christopher Aguilar,Burmese Boy,BOY
Harry S. Murphy,Office Manager,MANAGER
Tommy Redmond Hicks,Mr. Cross,ROSS
David Richards,Maitre D',MAITRE
Sarah Silverman,Emily,EMILY
Kevin McDonald,Denim Vest,DENIM
Michael Fishman,Gregg,GREG
Dana Gould,Frankie Merman,MAN
Stephen Caffrey,Arnie,ARNIE
Connie Sawyer,Old Woman,WOMAN
Terry Rhoads,Father,FATHER
Peter Dennis,Lew,LEW
Jim Fowler,Jim Fowler,JIM
Walter Addison,Man,MAN
Tony Colitti,Leader,LEADER
Paul Perri,Detective Danner,DAN
Charles Kahlenberg,Fred,FRED
Daniel Dae Kim,Student #1,STUDENT
Steve Franken,Brendan,DAN
Stanley Anderson,Judge Arthur Vandelay,JUDGE
Ted Rooney,Crichton,I
Jenica Bergere,Leslie,LESLIE
Rosie Malek-Yonan,Wife,WIFE
Bart McCarthy,Cab Driver,DRIVER
Joe Basile,Delivery Guy,GUY
Howard Mann,"Willie, Sr.",WILLIE
Vic Helford,Tom,TOM
Ellen Gerstein,Carol,CAROL
John Putch,Roy,ROY
Joshua Liebling,Billy,BILLY
Roger Nolan,The Chiropractor,CHIROPRACTOR
Al Fann,Judge,JUDGE
Tony Papenfuss,Man #2,MAN#2
Daryl Keith Roach,Blind Violinist,VIOLIN
Blaire Baron,Female Executive,AL
Glen Chin,Harry Fong,LARRY
Richard Assad,Cabbie,CABBIE
Manfred Melcher,Officer,OFFICER
Derya Ruggles,Woman in Bar,WOMAN
Kerry Leigh Michaels,Woman,WOMAN
Patricia Lee Willson,Sara,SARA
Mariska Hargitay,Melissa,MELISSA
Viveka Davis,Mona,MONA
Kim Gillingham,Assistant,ASSISTANT
Al Roker,Al Roker,O
Fritzi Burr,Mah-Jongg Lady,LADY
Lisa Houle,Cheryl,CHERYL
Bruce Ed Morrow,Father Jessup,THE
Bret Anthony,Teen,STEVEN
Christie Mellor,Concessionaire,SIMON
Bill Rose,Younger Priest,PRIEST
Dan Frischman,Guy On Phone,GUY
Dorien Wilson,Alec,ALEC
Paul Mantee,Health Inspector,TOR
Sayed Badreya,Foreign Man,MAN
Michael Sorich,Castro,CASTRO
Nick LaTour,Grandpa,GRANDPA
Mari Weiss,Woman #1,WOMAN#1
Glynis McCants,Woman,WOMAN
Layne Beamer,Father,FATHER
Phil Ramsey,Man In Car,MAN
Rondi Reed,Mary,MARY
Jon Lovitz,Gary Fogel,GARY
Richard McGonagle,Mr. Star,S
Athena Massey,Melanie,MELANIE
Guy Siner,Mandel,MANDEL
Nick Jameson,Horst,HORST
Elan Carter,Receptionist,RECEPTIONIST
Steven Hack,Walker #1,WALKER#1
Judith Shelton,Sally,SALLY
Alan Watt,Attendant,ATTENDANT
Michael Luckerman,Man,MAN
Vonnie C. Rhee,Sunny,SUNNY
Jerry Diner,Lou,LOU
Armin Shimerman,Stan,STAN
Jay Leno,Jay Leno,JAY
Derek Jeter,Derek Jeter,JETER
Dana Patrick,Model #1,MODEL#1
Toshi Toda,Mr. Tanaka,MR.
Katie Layman,Cynthia,CYNTHIA
Leonard Lightfoot,Clyde,CLYDE
Pamela Dillman,Salesperson,SALES
Bari K. Willerford,Ron,RON
Matthew McCurley,Kid,KID
Carl Banks,Policeman #1,POLICEMAN
Robert Martin Robinson,Maitre' D,MAITRE
Nicole Tocantins,Barbara,BARBARA
Fred Goehner,Delivery Guy,GUY
Larry Braman,Stage Manager,MANAGER
Tracy Letts,Counterguy,GUY
David Moscow,Lomez Jr.,O
Al White,Detective Udewitz,DETECTIVE
Maria Cina,Saleswoman,SALESWOMAN
Cindy Lu,Worker,WORKER
Sid Newman,Old Man,MAN
Yvonne Farrow,Employee,EMPLOYEE
Leon W. Grant,Counterperson,COUNTERPERSON
Richard Kuhlman,Man,MAN
Barry Kramer,Bag Guy,GUY
Noor Shic,Usha,USHA
Matthew Fonda,NBC Executive,EXECUTIVE
Bahni Turpin,Waitress #1,WAITRESS
Davenia McFadden,Coco Higgins,COCO
Steve Susskind,Customer #1,CUSTOMER
Jack Esformes,Mike,MIKE
Alex Craig Mann,Student #2,STUDENT
Janet Rotblatt,Woman,WOMAN
Melissa Weil,Gwen,GWEN
Audrey Frantz,Party Guest,PARTY
Candice Bergen,Murphy Brown,OWNER
Melanie Good,Tall Woman,WOMAN
Brian Leckner,Attendant,ATTENDANT
Maggie Egan,Ticket Clerk,TICKET
Christopher Michael Moore,Studio Guard,STUDIO
Christopher Carroll,Maitre d',MAITRE
Dayna Winston,Carol,CAROL
Chet Nelson,Kid,KID
Steve Shubert,Man in Office,MAN
Aaron Kanarek,Protestor #1,TOR
Susan Beaubian,Ticket Clerk #2,TICKET
Laura Waterbury,Casting Director,TOR
Jed Mills,Joel,JOEL
Ralph Louis Harris,Ralph,RALPH
Robert Noble,Salesman,SALESMAN
Randy Brenner,Waiter,WAITER
Norma Janis,Mah-Jongg Lady,LADY
Terrence Riggins,Stage Manager,MANAGER
Charley J. Garrett,Man #1,MAN#1
Jeff Norman,Man in Line,MAN
Patricia Belcher,Woman #1,WOMAN#1
Stephen Pearlman,Mr. Goldstein,GOLDSTEIN
Rick Fitts,Dentist,DENTIST
James Reynolds,Banker,BANKER
Tamar Cooper,Woman #2,WOMAN#2
Courtney Taylor,Attractive Applicant,APPLICANT
Damian London,Party Guest,PARTY
Denise Poirier,Arlene,MARLENE
Amjad J. Qaisen,Hussein,I
Jack Betts,Mr. Green,MR.
John Cothran,Man,MAN
Wren T. Brown,Walker #2,WALKER#2
Danny Breen,Guy with Glasses,GUY
Craig Thomas,Player #1,PLAYER
David Powledge,Fan #2,FAN
Mirron E. Willis,Officer #1,OFFICER
Apollo Dukakis,Doctor Baker Saul,DOCTOR
Vince Melocchi,Furniture Guy,FURNITURE
Eugene Elman,Buddy,BUDDY
Ron Byron,Man,MAN
Kenneth Ryan,Mr. Burns,MR.
Jacqueline M. Houston,Lorraine,LORRAINE
Von L. Roddy,Desota,S
Karen Lynn Scott,Susie,SUSIE
Norman Large,Detective,DETECTIVE
Shireen Crutchfield,Model #2,MODEL#2
Arthur Rosenberg,Judge,JUDGE
Don Amendolia,Dennis,DENNIS
Ron West,Dr. Strugatz,THUG
Shuko Akune,Receptionist,RECEPTIONIST
Barry Cutler,Policeman #2,POLICEMAN
John Lizzi,The Other Guy,GUY
Goh Misawa,Mr. Yamaguchi,YAMAGUCHI
Zack Phifer,Bob,BOB
Eddie Allen,Doctor,DOCTOR
Bernie Williams,Bernie Williams,MS.
Joshua Abramson,Man #1,MAN#1
Chris Parnell,NBC Executive,EXECUTIVE
Monica Lacy,Julie,JULIE
Ray Proscia,Bobby,BOBBY
Marco Rodríguez,Guillermo,GUILLERMO
Yunoka Doyle,Lydia,I
Carol Kiernan,Mother,MOTHER
Elayn J. Taylor,Book Fan,O
Jocelyne Kelly,Model,MODEL#1
Peggy Mannix,Woman,WOMAN
Kevin Keckeisen,Brian,I
Amit Itelman,Employee,EMPLOYEE
Constance Zimmer,Waitress #2,WAITRESS
Brian Posehn,Artie,ARTIE
Marcelo Tubert,Father,FATHER
Damon Jones,Watkins,WATKINS
Loretta Fox,Customer #2,CUSTOMER
Melissa Denton,Kobe,O
Ellen Ratner,Ellen,ELLEN
Dyana Ortelli,Chambermaid,MAID
Lewis Dauber,Doorman,DOORMAN
Ray Glanzmann,Protester #2,MAN#2
John Gabriel,Newscaster,NEWSCASTER
Patricia Place,Wife,WIFE
Elena Wohl,Sandi Robbins (Elaine),ELAINE
Darlene Kardon,Mrs. Lupchek,MRS.
Maria Stanton,Woman in Diner,WOMAN
Paul Eisenhauer,Man in Theatre,MAN
Ina Parker,Mah-Jongg Lady,LADY
Lili Bernard,Anna,ANNA
Kathie Lee Gifford,Kathie Lee Gifford,ARTIE
Spencer Klein,Kid,KID
Roger Eschbacher,Man with Cane,MAN
Pamela Mant,Woman #2,WOMAN#2
Jerome Betler,Director,DIRECTOR
Beverly C. Brown,Woman #3,WOMAN
Ana Gasteyer,Woman,WOMAN
Patricia Bethune,Walker #3,WALKER#3
Renee Faia,Alice,I
Cheryl Francis Harrington,Waitress,WAITRESS
Kymberly Newberry,Ms. Jordan,DAN
Barbara Pilavin,German Woman,WOMAN
Jan Eddy,Fan #3,FAN
Ken Kerman,Officer #2,OFFICER
William Jackson,Doctor,DOCTOR
Karen Lorshbough,Relative,I
Tim DeZarn,Salesman,SALESMAN
Gwen McGee,Janine,JEANINE
F. William Parker,Country Doctor,DOCTOR
Cynthia Madvig,Woman #1,WOMAN#1
Tony V.,Clicky,CLICKY
Stuart Quan,Sensei,I
Kevin Steinberg,Waiter,WAITER
Nicholas Mele,Detective,DETECTIVE
Shashi Bhatia,Flower Girl,WE
Robin Nance,Model #3,MODEL#3
Steve Artiaga,Man #2,MAN#2
Blake Gibbons,Lyle,LYLE
Ali Marsh,Karen Abbott,KAREN
Paige Moss,Girl,GIRL
Kyle Sullivan,Son,SON
Peggy Blow,Mail Clerk,CLERK
Brian Levinson,Andy,SANDY
Frank van Keeken,Magnus,S
Dublin James,Maurice,I
Stacey Herring,Sandy,SANDY
Brandon Kaplan,Child,I
Fatima Lowe,Secretary,SECRETARY
Brian Kaiser,Postman,POSTMAN
Merrin Dungey,Cashier,CASHIER
Oliver Muirhead,Lubeck,LUBECK
Jeanette Miller,Old Woman,WOMAN
Chip Chinery,Co-Worker #1,CO-WORKER#1
Catherine Schreiber,Saleswoman,SALESWOMAN
Alec Holland,Co-Worker #1,CO-WORKER#1
Armando Molina,Amigo,I
Mimi Craven,Cynthia,CYNTHIA
Michael Gerard,Receptionist,RECEPTIONIST
Jack Graiman,Cop,COP
David Gibbs,Man #2,MAN#2
Darrell Kunitomi,Lab Technician,LAB
Karen Rizzo,Woman Hailing Cab,WOMAN
Walt Beaver,Husband,HUSBAND
Judge Reinhold,Aaron,AARON
Jeris Poindexter,Man,MAN
F.J. Rio,Street Tough,STREET
Bernard Hocke,Guy in Diner,GUY
Martin Chow,Lew,LEW
Pat Asanti,Electrician,ELECTRICIAN
Christine Cattell,Stewardess,STEWARDESS
Cindy Cheung,Woman #1,WOMAN#1
Lou DiMaggio,Stagehand,STAGEHAND
Leesa Zelkin,Secretary,SECRETARY
Louisa Abernathy,Nurse,NURSE
Toni Sawyer,Tenant #1,
Tish Smiley,Woman,WOMAN
Michael Michaud,Customer,CUSTOMER
Wayne C. Dvorak,Teacher,TEACHER
Susan Moore,Monica,MONICA
David Wendelman,Waiter,WAITER
Dale Harimoto,Reporter,REPORTER
Michelle C. Bonilla,Waitress,WAITRESS
Jesse White,Ralph,RALPH
Steve Ireland,Music Guy,GUY
Lyn Alicia Henderson,Clerk,CLERK
Marilyn Tokuda,Woman #2,WOMAN#2
Fern Fitzgerald,Ms. Wilkie,MS.
Cheryl Hunter,Woman,WOMAN
Akane Nelson,Executive #2 (Miss Yoshimura),MISS
The Flying Karamazov Brothers,The Flying Sandos Brothers,OTHER
Herb Mitchell,Businessman #1,BUSINESSMAN
Ossie Mair,Driver,DRIVER
Mark Larson,Bizarro Newman,MAN
Lynn Manning,Blind Man,MAN
Shannon Whirry,Cute Girl,GIRL
Nancy Linehan Charles,Woman Exec.,WOMAN
Shelley Malil,Usher,USHER
Clement Blake,Dirt Person #1,SON
Colin Malone,Sleazy Guy,GUY
David Chandler,Brian,I
Adrian Sparks,Man,MAN
Eric Simonson,Friend,FRIEND
Justine Slater,Melissa,MELISSA
Viola Kates Stimpson,Old Woman,WOMAN
Drake Bell,Kenny,KEN
Suli McCullough,Co-Worker #2,CO-WORKER#2
Murray Rubin,Rubin,I
Kevin Ruf,Security Guard,SECURITY
Tom Agna,Gary,GARY
Colin McClean,Co-Worker #2,CO-WORKER#2
Corbin Bernsen,Corbin Bernsen,CORBIN
Steven Marcus Gibbs,Bystander #2,BYSTANDER#2
Steve Doherty,Prison Guard,GUARD
Al Ruscio,Manager,MANAGER
Irvin Mosley Jr.,Spike,SPIKE
French Stewart,Manager,MANAGER
Eamonn Roche,Waiter,WAITER
Thom Vernon,Driver,DRIVER
Steve Brady,Man At Party,MAN
Eva Svensson,Woman,WOMAN
Nigel Gibbs,Tenant #2,
Buddy Quaid,Customer,CUSTOMER
Timothy McNeil,Jeff,JEFF
Joe Ochman,Customer,CUSTOMER
James Lesure,Office Worker,OFF
Harvey Jason,Auctioneer,AUCTIONEER
Dean Fortunato,Manager,MANAGER
Bill Gratton,Postal Official,AL
Noëlle Balfour,Waitress,WAITRESS
Angelo Di Mascio Jr.,Man,MAN
Cherie Hankal,Nurse,NURSE
Robert Louis Kempf,Businessman #2,BUSINESSMAN
Jack Riley,Rider,I
Michele Maika,Kim,KIM
Jerry Dixon,Customer,CUSTOMER
Bill Lee Brown,Partygoer,PARTY
Virginia Watson,Nun,NUN
Jeff Hatz,Manager,MANAGER
D.A. Johnson,Dirt Person #2,SON
Steve Carlson,Captain Maddox,CAPTAIN
Tom Dahlgren,Priest,PRIEST
George Wendt,George Wendt,GEORGE WENDT 
Richard Gant,Fred,FRED
Eric Fleeks,Kicker,I
Mo Gallini,Tough Guy,GUY
Ken Takemoto,Chairman,CHAIRMAN
Robert Kino,Ricky's Boss,RICKY'S BOSS
Elizabeth Sjoli,Woman,WOMAN
Berta Waagfjord,Bridgette,BRIDGET
Mark Fite,Jack,JACK
Kyle Gass,Smoker,S
Daniel Zacapa,Power Guy,GUY
René Ashton,Ex-Girlfriend,GIRLFRIEND
Susan Leslie,Nurse,NURSE
Larry Polson,Homeless Guy,GUY
Wilford Brimley,Postmaster General Henry Atkins,HENRY
Todd Jeffries,Blaine,BLAINE
Bunny Summers,Rider,I
Walter Franks,Waiter,WAITER
Steve Hofvendahl,Man,MAN
Erica Y. Becoat,Stewardess,STEWARDESS
Bert Rosario,Man,MAN
LaRita Shelby,Tour Leader,ADE
Tony Edwards,Businessman,BUSINESSMAN
Fritz Mashimo,Interpreter,INTERPRETER
Johnny Silver,Vendor #1,MAN#1
Trudi Forristal,Buxom Woman,WOMAN
Carl LaBove,Steve,STEVE
Mark Wheatle,Waiter,WAITER
Dan O'Connor,Young Cop,COP
Golde Starger,Bldg 'A',DOG
Brian Blondell,Dog Guy,GUY
Torsten Voges,Cab Driver,DRIVER
Jerry Maren,Dad,DAVID
Earl Schuman,Izzy Mandelbaum Sr.,MAN
Earl Carroll,Rider,I
Raoul N. Rizik,Parade Goer,ADE
Roger Rose,Mark,MARK
Jason Manary,Joey,JOEY
Wendy Worthington,Louise,LOUISE
Billy Bastiani,Vendor #2,MAN#2
Janice Davies,Bldg 'B',DOG
Theresa Mulligan,Woman,WOMAN
Neil Flynn,Cop #1,COP#1
George Georgiadis,Cab Driver,DRIVER
Joe Goddbiff,Hobo Joe,JOE
Scott Conte,Sketch Guy,GUY
Brian Bradley,Butler,TELLER
Oscar Jordan,Counterperson,COUNTERPERSON
Belinda Barry,Stephanie,STEFANIE
Paige Tamada,Clara,C
Art Frankel,Bldg 'C',C
Florinel Fatulescu,Stand Owner,STAN
Tom Bailey,Cop #2,COP#2
Brian Callaway,Passenger,PASSENGER
Mimi Cozzens,Mrs. Canterman,MAN
Samantha Dorman,Waitress,WAITRESS
Rolando Molina,Punk #1,ATTENDANT#1
Robert Padnick,Willie,WILLIE
Vince Donvito,Passerby,PASSERBY
Juan Garcia,Jaime,I
Denise Bessette,Therapist,THERAPIST
Alison Martin,Lucy,C
Geoffrey Ewing,Bailiff,BAILIFF
Erick Avari,Cabbie,CABBIE
Michael Friedman,Punk #2,ATTENDANT#2
Chris Burmester,Passerby,PASSERBY
Chip Heller,Policeman,POLICEMAN
Stephen Burrows,David,DAVID
Wesley Thompson,Poker Player #2,POKER
Victoria Fischer,Bartender,BARTENDER
Deborah Swisher,1st AD,S
Keith Sellon-Wright,Guy,GUY
Jeff Oetjen,Wilton,WILTON
Jeffrey von Meyer,Poker Player #4,POKER
Scott Jaeck,Officer Vogel,OFFICER
Wendle Josepher,Susie,SUSIE
Scott Klace,Guard,GUARD
James Pickens Jr.,Det. Hudson,SON
John Pinette,Howie,I
James Rebhorn,D.A. Hoyt,HOYT
Peter Riegert,James Kimbrough,KIM
Geraldo Rivera,Geraldo Rivera,AL
McNally Sagal,Carol,CAROL
Gay Thomas Wilson,O'Neal,O
Myra Turley,Foreman,FOREMAN
Jane Wells,Reporter,REPORTER
Van Epperson,Passerby,PASSERBY
Jeffery Thomas Johnson,Criminal,I
Sean Moran,Man,MAN
Dianne Travis,Receptionist,RECEPTIONIST
Jim Zulevic,Bernie,I
Colette O'Connell,Julie,JULIE
Larry David,George Steinbrenner,GEORGE
Lee Bear,George Steinbrenner,GEORGE
Pete G. Papanickolas,Don Tyler,LYLE
Randy Carter,Comedy Club Emcee,CLUB
Peter Mehlman,Man at Rehearsal,MAN
Darin Henry,Juror,O
Jeff Bye,Counter Guy,GUY
Karen Wilkie,Crowd,CROWD
Larry Charles,Man in Hallway,MAN
Tom Gammill,Man at Bookstore,MAN
James Lansbury,Herb,HERB
Towanna King,Operating Room Nurse,NURSE
Jeffrey Yerkes,Man on Set,MAN
Tom Cherones,Director on 'Jerry' Set,JERRY
Victor Wayne Harris,Man at Jiffy Park,MAN
Ryal Haakenson,Man at Restaurant,MAN
Wayne Kennan,Man in Coffee Shop,MAN
Carol Brown,Customer in Coffeeshop,CUSTOMER
Doug Senior,Cook,C
Eugene Lew,Man in Church,MAN
Spike Feresten,Juror,O
Rick Corcoran,Answering Machine,JERRY'S ANSWERING MACHINE
Andrea Ragsdale,Dental Assistant,STAN
Gregg Kavet,Man Outside Stadium,MAN
Andy Robin,Man Outside Stadium,MAN
Mitch Mitchell,George Steinbrenner,GEORGE
John Michael Quinn,Audience Member,AUDIENCE
Scott Shaw,Shop Lifter,FATHER
Steve Landesberg,Cameo,C
Tom Williams,Bark of the Dog,THE
Jarion Monroe,Man in Elevator,MAN
Joan Van Horn,Mother with Baby,MOTHER
Troy Martin,Man in Elevator,MAN
Wei Zhang,Waiter,WAITER
Eun-Kyung Ryu,Woman by Bruce,WOMAN
Fred Savage,Fred Savage,AVA
Helen Slater,Becky Gelke,BECKY
Marsha Mason,Jennie MacLaine,MAC
Gerrit Graham,Clown,C
Michael Fox,Polar Bear,EARL
Cathy Cahlin Ryan,Hippie Girl in Van,GIRL
Will Nye,Airport Security Guy,GUY
Renée Humphrey,Audience Member,AUDIENCE
Jodi Knotts,Judy Dame,JUDY
Patrick Raymond,Passenger,PASSENGER
David Blasucci,Hippie,HIPPIE#1
Dan Studney,Man fighting with Kramer over newspaper,KRAMER
Cherie Chetyrbok,Passenger,PASSENGER
Joseph Kanarek,Protester #1,MAN#1
Phil Rizzuto,TV Announcer,ANNOUNCER
Jennifer Winter,Woman on Subway with Elaine,ELAINE
Gary Gray,Baseball Fan,ALL
Craig Adelberg,Usher,USHER
D.H. Martin,Man,MAN
Ruth Greenspan,Woman in Hallway,WOMAN
Edie McClurg,Mrs. Oliver,MRS.
Grant Heslov,Car Thief,CAR
Rudy Giuliani,Rudy Giuliani,GIULIANI
Warren Littlefield,Man in 'Jerry' Audience,JERRY
Mike Malin,Ball Boy,ALL
Gavin Polone,Man in 'Jerry' Audience,JERRY
Sergio Kato,Sergio Kato,GINO
Mark Taormino,Man #2 on Jerry Set (Kramer Look-Alike),JERRY
Max Pross,Office Worker,OFF
Chela Holton,Girl in Bar,GIRL
Jill Gray Savarese,Kissing Medical Intern,CALVIN
Elza Camacho,Woman on 'Jerry' Set,JERRY
Pete San Filipo Sr.,Man on 'Jerry' Set,JERRY
J.D. Walters,Loud Movie Patron,RON
Dennis Kirkpatrick,Man on 'Jerry' Set,JERRY
Glenn Padnick,Man on 'Jerry' Set,JERRY
Mark Zecca,Cousin,I
Shirley Beck,Makeup Artist,ARTIE
Rick Ludwin,Man in 'Jerry' Audience,JERRY
Brian Myers,Tennis Crowd,CROWD
Jeanne Hanna,Married Couple in Diner,MAR
Ellsworth Hanna,Married Couple in Diner,MAR
Janet Kagan,Woman on 'Jerry' Set,JERRY
Todd Schwartz,Man in 'Jerry' Audience,JERRY
Lisa Guerrero,PBS Telethon Producer,TEL
Renee Tenison,Miss America Contestant,STAN
Holly Lewis,Dinner Guest,GUESTS
Shannon K. Dunn,Elaine's Co-Worker,ELAINE
James Ridgley,Juggler,J.
Will Radford,Angry Guy,GUY
Bob Sheppard,Stadium Announcer,ANNOUNCER
Jim Rhine,Comedy Club Goer,ED
Andy Cowan,Radio Announcer,ANNOUNCER
Gregory Pellico,Pledge Drive Volunteer,DRIVER
Rebecca Greene,Sobbing Theatre Patron,THE
Brady Thomas,Man in Theatre,MAN
Kristen Vigrass,Woman Behind Counter,WOMAN
Jeff Alpert,Diner,I
Donald Gibb,Letter S in Devils Body Painter,JERRY'S BRAIN
Iqbal Theba,Cabbie,CABBIE
Jon Manfrellotti,Guy in Police Lineup,GUY
Marjorie Gross,Woman in Bette Midler Entourage,WOMAN
Raymond O'Connor,Night Doorman,MAN
Steve Tisch,Man in Cafe,MAN
Bruce Kirschbaum,Guy in Police Lineup,GUY
Russ Leatherman,Mr. Moviefone,MR.
Kenny Kramer,Man #2 in Hockey Audience,AUDIENCE
Matt Gulbranson,Man Brushing Hair at YMCA,MAN#1
Vivicca A. Whitsett,Customer,CUSTOMER
Tim Kaiser,Husband on Pier,HUSBAND
Toni DeRose,Kissing Girl,GIRL
Bonnie Bruckheimer,Woman in Bette Midler Entourage,WOMAN
Darin Mangan,Softball Fan,ALL
Christine Nyhart Kaplan,Woman on Pier,WOMAN
Cedric Duplechain,Customer,CUSTOMER
Robb Capielo,Pharmacist,PHARMACIST
Randall Broadrick,Tow Truck Driver,DRIVER
Phil Hartman,Man on Phone,MAN
J.G. Hertzler,Director,DIRECTOR
David Letterman,David Letterman,MAN
Jenny Inge Devaney,Head Waitress,WAITRESS
James Rekart,The Man Hands,MAN
Eric Brenner,Butcher,C
Barry Marder,Man at Bar,MAN
Stacy Owens,Patron,RON
Renee Fishman,Monk's Cafe Patron,RON
Johnathan Brownlee,Boyfriend,BOYFRIEND
Dave Pierce,Karl Farbman,MAN
Robert Thomas,Orderly,ORDERLY
Patricia Messina,Make-up Lady,LADY
Brian Michael Tracy,'Be Quiet' Guy,GUY
Vicki Sirotta,Woman at Monk's,WOMAN
Jason Wise,Boy Scout,BOY
Robby Benson,Vincent,VINCENT
Robert Fuller,Doctor,DOCTOR
Spice Williams-Crosby,Woman Carrying George,GEORGE
David Rogers,Man in Church,MAN
Jodi Carol Harrison,Monk's Diner Patron,RON
Tony Winters,Peterman Employee,MAN
Carmi Greene,Guest,GUESTS
Kenneth J. Morgan,Theatre Patron,THE
Beth Aylward,Vomit Girl,GIRL
George Doty IV,Man in Restaurant,MAN
Elizabeth Barrington,Mom,MOM
Renee McClellan,Post Office Customer,CUSTOMER
Thomas Azzari,Man on the Street,MAN
George Adams,Mourner,O
Sheypan Draus,Van Buren Boy #2,BOY
Neill Calabro,Reader Behind Elaine,ELAINE
Jim Marcos,Man in Cafe,MAN
Hilary Wagner,Woman in Cafe,WOMAN
Chris Oneliner,Van Buren Boy,BOY
Eric Feder,Man at Counter,MAN
Deirdre Lovejoy,Customer #3,CUSTOMER
Daena E. Title,Juror,O
Andrew Patrick Ralston,Diner Customer,CUSTOMER
Eve Brenner,Lady in Restaurant,RESTAURANT
Jennifer Crittenden,Becky,BECKY
Julie Wagner,Medical Student,ED
Shawn Lockie,Secretary,SECRETARY
Bob Pepper,Monk Patron,RON
Frank Sackett,Brentano's Employee,EMPLOYEE
Scott Milne,Murder One!,NED
Pete Pastore,Cabbie,CABBIE
Maureen Tamblyn,Peterman's Date - Dancer,MAN
Daniel D. Harris,Man with Elaine in Taxi,ELAINE
Jennifer Eolin,Woman in Cafe,WOMAN
Dana Alexander,Juror,O
Johann John Jean,Officer Phelps,OFFICER
Lesley Robins,Zach's Girlfriend,GIRLFRIEND
Bob Murphy,Mets Broadcaster,CASTRO
Brian Altounian,Juror,O
