Actor,Title
Estelle Harris,The Rye
Estelle Harris,The Merv Griffin Show
Estelle Harris,The Handicap Spot
Estelle Harris,The Engagement
Estelle Harris,The Fatigues
Estelle Harris,The Puffy Shirt
Estelle Harris,The Caddy
Estelle Harris,The Raincoats
Estelle Harris,The Fusilli Jerry
Estelle Harris,The Serenity Now
Estelle Harris,The Shower Head
Estelle Harris,The Money
Estelle Harris,The Non-Fat Yogurt
Estelle Harris,The Doll
Estelle Harris,The Conversion
Estelle Harris,The Andrea Doria
Estelle Harris,The Cigar Store Indian
Estelle Harris,The Sniffing Accountant
Estelle Harris,The Fire
Estelle Harris,The Junk Mail
Estelle Harris,The Chinese Woman
Estelle Harris, The Finale
Estelle Harris,The Doorman
Estelle Harris,The Outing
Estelle Harris,The Strike
Estelle Harris,The Contest
Estelle Harris,The Opposite
Heidi Swedberg,The Pick
Heidi Swedberg,The Cadillac
Heidi Swedberg,The Postponement
Heidi Swedberg,The Caddy
Heidi Swedberg,The Virgin
Heidi Swedberg,The Opera
Heidi Swedberg,The Doll
Heidi Swedberg,The Pitch
Heidi Swedberg,The Seven
Heidi Swedberg, The Betrayal
Heidi Swedberg,The Rye
Heidi Swedberg,The Smelly Car
Heidi Swedberg,The Ticket
Heidi Swedberg,The Cheever Letters
Heidi Swedberg,The Soup Nazi
Heidi Swedberg,The Friars Club
Heidi Swedberg,The Engagement
Heidi Swedberg,The Wallet
Heidi Swedberg,The Sponge
Heidi Swedberg,The Maestro
Heidi Swedberg,The Bubble Boy
Heidi Swedberg,The Pilot
Heidi Swedberg,The Invitations
Heidi Swedberg,The Wig Master
Heidi Swedberg,The Wait Out
Heidi Swedberg,The Pool Guy
Heidi Swedberg,The Watch
Heidi Swedberg,The Secret Code
Jerry Stiller,The Engagement
Jerry Stiller,The Doorman
Jerry Stiller,The Shower Head
Jerry Stiller,The Understudy
Jerry Stiller,The Fusilli Jerry
Jerry Stiller,The Caddy
Jerry Stiller,The Fire
Jerry Stiller,The Doll
Jerry Stiller,The Opposite
Jerry Stiller,The Chinese Woman
Jerry Stiller,The Little Kicks
Jerry Stiller,The Rye
Jerry Stiller,The Fatigues
Jerry Stiller,The Puffy Shirt
Jerry Stiller,The Non-Fat Yogurt
Jerry Stiller,The Money
Jerry Stiller,The Conversion
Jerry Stiller,The Strike
Jerry Stiller,The Merv Griffin Show
Jerry Stiller,The Serenity Now
Jerry Stiller,The Cigar Store Indian
Jerry Stiller, The Finale
Jerry Stiller,The Andrea Doria
Jerry Stiller,The Junk Mail
Jerry Stiller,The Raincoats
Jerry Stiller,The Handicap Spot
Jerry Stiller,The Sniffing Accountant
John O' Hurley,The Secret Code
John O' Hurley,The Money
John O' Hurley,The Chicken Roaster
John O' Hurley,The Cartoon
John O' Hurley,The Muffin Tops
John O' Hurley,The Bookstore
John O' Hurley,The Bottle Deposit
John O' Hurley,The Frogger
John O' Hurley,The Friars Club
John O' Hurley,The Shower Head
John O' Hurley, The Finale
John O' Hurley,The Foundation
John O' Hurley,The Apology
John O' Hurley,The Caddy
John O' Hurley,The Understudy
John O' Hurley,The Van Buren Boys
John O' Hurley,The English Patient
John O' Hurley,The Summer of George
John O' Hurley,The Merv Griffin Show
John O' Hurley,The Susie
Len Lesser, The Finale
Len Lesser,The Wife
Len Lesser,The Glasses
Len Lesser,The Bookstore
Len Lesser,The Pledge Drive
Len Lesser,The Package
Len Lesser,The Watch
Len Lesser,The Pony Remark
Len Lesser,The Doodle
Len Lesser,The Shower Head
Len Lesser,The Ticket
Len Lesser,The Pen
Len Lesser,The Kiss Hello
Len Lesser,The Wallet
Liz Sheridan,The Doodle
Liz Sheridan,The Watch
Liz Sheridan,The Stakeout
Liz Sheridan,The Wallet
Liz Sheridan, The Finale
Liz Sheridan,The Money
Liz Sheridan,The Kiss Hello
Liz Sheridan,The Outing
Liz Sheridan,The Shower Head
Liz Sheridan,The Cadillac
Liz Sheridan,The Bookstore
Liz Sheridan,The Blood
Liz Sheridan,The Pilot
Liz Sheridan,The Pony Remark
Liz Sheridan,The English Patient
Liz Sheridan,The Wizard
Liz Sheridan,The Wife
Liz Sheridan,The Raincoats
Liz Sheridan,The Van Buren Boys
Liz Sheridan,The Little Jerry
Liz Sheridan,The Pen
Patrick Warburton, The Finale
Patrick Warburton,The Fusilli Jerry
Patrick Warburton,The Reverse Peephole
Patrick Warburton,The Junk Mail
Patrick Warburton,The Burning
Patrick Warburton,The Dealership
Patrick Warburton,The Butter Shave
Patrick Warburton,The Face Painter
Patrick Warburton,The Apology
Patrick Warburton,The Voice
Richard Herd,The Bottle Deposit
Richard Herd,The Caddy
Richard Herd,The Hot Tub
Richard Herd,The Checks
Richard Herd,The Millennium
Richard Herd,The Jimmy
Richard Herd, The Finale
Richard Herd,The Susie
Richard Herd,The Nap
Richard Herd,The Wink
Richard Herd,The Fatigues
Wayne Knight,The Switch
Wayne Knight,The Big Salad
Wayne Knight,The Raincoats
Wayne Knight,The Label Maker
Wayne Knight, The Finale
Wayne Knight,The Soul Mate
Wayne Knight,The Barber
Wayne Knight,The Non-Fat Yogurt
Wayne Knight,The Sniffing Accountant
Wayne Knight,The Pilot
Wayne Knight,The Old Man
Wayne Knight,The Pick
Wayne Knight,The Ticket
Wayne Knight,The Pitch
Wayne Knight,The Keys
Wayne Knight,The Parking Space
Wayne Knight,The Boyfriend
Wayne Knight,The Suicide
Wayne Knight,Show less
Wayne Knight,Seinfeld
Wayne Knight,The Marine Biologist
Wayne Knight,The Lip Reader
Wayne Knight,The Diplomat's Club
Wayne Knight,The Bookstore
Wayne Knight,The Package
Wayne Knight,The Chicken Roaster
Wayne Knight,The Andrea Doria
Wayne Knight,The Calzone
Wayne Knight,The Pothole
Wayne Knight,The Pothole
Wayne Knight,The Millennium
Wayne Knight,The Muffin Tops
Wayne Knight,The Shower Head
Wayne Knight,The Butter Shave
Wayne Knight,The Scofflaw
Wayne Knight,The Seven
Wayne Knight,The Junk Mail
Wayne Knight,The Pool Guy
Wayne Knight,The Merv Griffin Show
Wayne Knight,The Soup Nazi
Wayne Knight,The Betrayal
Wayne Knight,The Engagement
Wayne Knight,The Reverse Peephole
Wayne Knight,The Bottle Deposit
Wayne Knight,The Cartoon
Wayne Knight,The Doodle
Wayne Knight,The Blood
Wayne Knight,The Bottle Deposit
